{
  "resume_sections": [
    {
      "section_name": "about",
      "action": "Update my about section of my resume and align it with the Product Manager role. Include keywords extracted from the Job description.",
      "rules": [
        "Only use the information provided on my resume to update it, do not include any external data.",
        "Keep it consistent, clear, concise, a paragraph of 6 lines at most.",
        "Do not use any fancy or sophisticated wording. Use natural language to sound human, authentic and honest.",
        "Do not include anything outside of the resume scope."
      ],
      "section_text_header": "Strategic Technical Program Manager with proven track record leading enterprise data platforms, digital transformation and streaming media initiatives. Expertise in driving cross-functional engineering teams, data architecture, and platform optimization across Media & Entertainment and Retail industries. Skilled in Agile methodologies and data-driven decision making, consistently delivering multimillion-dollar cost savings through innovative technical solutions and process improvements. Core strengths in stakeholder management, vendor partnerships, and scalable platform development."
    },
    {
      "section_name": "skills_section",
      "action": "Align the skills section with the keywords extracted from the Job description.",
      "rules": [
        "Only use the information provided on my resume to update it, do not include any external data.",
        "Keep it consistent, clear, concise, a paragraph of 6 lines at most.",
        "Do not use any fancy or sophisticated wording. Use natural language to sound human, authentic and honest.",
        "Do not include anything outside of the resume scope.",
		"Keep structure of bullet points"		
      ],
      "section_text_header": "Skills",
	  "section_text_bullet1": "Leadership: Product Management | Agile Framework | Cross-functional Team Leadership. ",
	  "section_text_bullet2": "Strategic: Technical Architecture | Change Management | Process Optimization | Data Analytics | Al/Machine Learning ",
	  "section_text_bullet3": "Operational: Agile/Scrum | Platform Integration | Risk Management | Vendor Management ",
	  "section_text_bullet4": "PM Methodologies & Tools: Agile / Hybrid Methodologies | Scrum | MS-Project, Smartsheet, Jira / Confluence, Notion ",
	  "section_text_bullet5": "Data Engineering | AI/Machine Learning | Business Intelligence "
	 }
	,
    {
      "section_name": "motortrend_experience",
      "action": "Align the work experience section with the keywords extracted from the Job description.",
      "rules": [
        "Only use the information provided on my resume to update it, do not include any external data.",
        "Keep it consistent, clear, concise, a paragraph of 6 lines at most.",
        "Do not use any fancy or sophisticated wording. Use natural language to sound human, authentic and honest.",
        "Do not include anything outside of the resume scope.",
		"Keep structure of bullet points"		
      ],
      "section_text_header": "Led enterprise-wide data engineering initiatives and managed cross-functional teams while driving strategic technical programs for digital and streaming platforms.",
	  "section_text_bullet1": "A) Led cross-functional quarterly planning and prioritization across Data Engineering, Product, QA, and BI teams, managing resources and timelines for 7 platform teams while aligning stakeholder expectations from technical to C-level. ",
	  "section_text_bullet2": "B) Redesigned data-driven processes through 'Situation Rooms' methodology, increasing ticket resolution speed by 300% and team productivity metrics (50% more story points, 37% higher ticket completion) via custom analytics dashboards and improved requirement gathering. ",
	  "section_text_bullet3": "C) Built strategic relationships with key vendors (mParticle, Amplitude, Snowflake) while managing technical integrations, enhancements roadmap, and identifying cost optimization resulting in $50K savings. ",
	  "section_text_bullet4": "D) Spearheaded design and implementation of innovative Nitrous Heads-Up Display (HUD) system providing real-time performance metrics. Platform enabled data-driven content optimization, reducing time-to-insight from days to minutes, delivering $45K annual savings, and increasing editorial team efficiency. ",
	  "section_text_bullet5": "E) Led portfolio of high-complexity initiatives: CDP integration across 7 platforms ($750K savings, 1500+ tickets), Snowflake migration (60% faster processing), One Identity platform merger, and major product launches including Car Finder and Next.js website migration.",
	  "section_text_bullet6": "F) Architected data quality framework with Python and Snowflake that reduced inconsistencies by 75%, implementing automated validation pipelines and real-time KPI dashboards that accelerated stakeholder reporting from days to minutes.",
	  "section_text_bullet7": "G) Led strategic platform integrations with Warner Bros. Discovery teams (Identity, Privacy, Sonic CMS), managing technical requirements and compliance for SVOD content, user authentication, and data privacy across enterprise systems.",
    "section_text_bullet8": "H) Transformed underperforming teams into high-velocity Scrum units by implementing agile methodologies, providing hands-on coaching and mentorship to team members, and demonstrating servant leadership principles that increased delivery predictability and team satisfaction."
    },
    {
      "section_name": "sony_experience",
      "action": "Align the work experience section with the keywords extracted from the Job description.",
      "rules": [
        "Only use the information provided on my resume to update it, do not include any external data.",
        "Keep it consistent, clear, concise, a paragraph of 6 lines at most.",
        "Do not use any fancy or sophisticated wording. Use natural language to sound human, authentic and honest.",
        "Do not include anything outside of the resume scope.",
		"Keep structure of bullet points"		
      ],
      "section_text_header": "Led digital product operations and SVOD platform initiatives across global markets, managing cross-functional teams and implementing scalable technical solutions.",
	  "section_text_bullet1": "A) Orchestrated launch of Crackle SVOD platforms across 17 countries, managing technical integration for 65 affiliates across OTT, TVE, and STB platforms while ensuring multi-language support and security compliance. ",
	  "section_text_bullet2": "B) Led optimization of VOD operations through data-driven analysis, resulting in centralized content delivery hub for 7 regions (LATAM, Brazil, UK, Iberia, Central Europe, Germany, USA). Implemented Agile methodologies and automated workflows that reduced delivery time by 40%, and improved team velocity by 35%. ",
	  "section_text_bullet3": "C) Designed and implemented real-time content publication monitoring system with automated checkpoints and KPI dashboards, increasing operational efficiency by 35%. ",
	  "section_text_bullet4": "D) Built and led QA team in Mexico, implementing Agile methodologies and Jira workflows that improved content certification speed by 50% while maintaining 99.9% accuracy.",
	  "section_text_bullet5": "E) Developed scalable security workflows for affiliate platform integration, enabling secure content delivery across multiple distribution channels with zero security incidents.",
	  "section_text_bullet6": "F) I led a team of 5 TPM's distributed in the Latam Region."
    },
    {
      "section_name": "sears_experience",
      "action": "Align the work experience section with the keywords extracted from the Job description.",
      "rules": [
        "Only use the information provided on my resume to update it, do not include any external data.",
        "Keep it consistent, clear, concise, a paragraph of 6 lines at most.",
        "Do not use any fancy or sophisticated wording. Use natural language to sound human, authentic and honest.",
        "Do not include anything outside of the resume scope.",
		"Keep structure of bullet points"		
      ],
      "section_text_header": "Led digital transformation of merchandising operations through implementation of new technologies and data-driven processes.",
	  "section_text_bullet1": "A) Architected, implemented, and deployed enterprise purchasing platform serving 500+ users, implementing automated workflows that reduced processing time by 40%. ",
	  "section_text_bullet2": "B) Designed integration framework connecting legacy systems with modern platforms, enabling real-time inventory tracking and automated vendor management across 100+ stores. ",
	  "section_text_bullet3": "C) Developed scalable supply chain solution supporting 200+ vendors, resulting in a faster partner onboarding and 45% reduction in transaction processing costs. ",
	  "section_text_bullet4": "D) Collaborated with C-level executives to define digital strategy and ROI-driven solutions, delivering annual cost savings through process automation and system optimization.",
	  "section_text_bullet5": "E) Led a team of 5 Engineers specialized in web development, Database management and backend system development."
    },
    {
      "section_name": "sts_experience",
      "action": "Align the work experience section with the keywords extracted from the Job description.",
      "rules": [
        "Only use the information provided on my resume to update it, do not include any external data.",
        "Keep it consistent, clear, concise, a paragraph of 6 lines at most.",
        "Do not use any fancy or sophisticated wording. Use natural language to sound human, authentic and honest.",
        "Do not include anything outside of the resume scope.",
		"Keep structure of bullet points"		
      ],
      "section_text_header": "Delivered strategic technology solutions for major retail and financial enterprises in Mexico.",
	  "section_text_bullet1": "A) Designed and implemented centralized web platform integrating 6 disparate legacy systems, enabling real-time data synchronization for 18 retail stores, and reducing operational costs by 35%. ",
	  "section_text_bullet2": "B) Led digital transformation for TV ad sales platform at Azteca, automating inventory management and billing processes resulting in 25% revenue growth. ",
	  "section_text_bullet3": "C) Managed development of enterprise platforms and marketing initiatives for major clients (Scotia Bank, ANTAD, Zurich, Sony), delivering 12 successful launches with average 40% improvement in user engagement.",
	  "section_text_bullet4": "D) Established data-driven project governance framework, improving project delivery time by 30% while maintaining 98% stakeholder satisfaction."
    },
    {
      "section_name": "cover_letter",
      "action": "Based on the JD, my resume updated, the keywords provided. Create a cover letter with the same topics described in the keywords. Create a brief paragraph for each one of them. Include an introduction and a closing paragraph.",
      "rules": [
        "Only use the information provided on my resume to update it, do not include any external data.",
        "Keep it consistent, clear, concise, each paragraph of 3 lines at most.",
        "Do not use any fancy or sophisticated wording. Use natural language to sound human, authentic and honest.",
        "Do not include anything outside of the resume scope.",
		"Keep structure of bullet points"		
      ]
    }
  ]
}